Undefeated Record,Total Teams,Made Playoffs,Playoff Percentage
1-0,130,76,58.46153846153847
2-0,70,46,65.71428571428571
3-0,39,29,74.35897435897436
4-0,20,15,75.0
5-0,8,6,75.0
6-0,4,3,75.0
7-0,2,2,100.0
