Winless Record,Total Teams,Made Playoffs,Playoff Percentage
0-1,130,54,41.53846153846154
0-2,69,17,24.637681159420293
0-3,42,9,21.428571428571427
0-4,23,5,21.73913043478261
0-5,15,2,13.333333333333334
0-6,9,0,0.0
0-7,7,0,0.0
