Winless Record,Total Teams,Made Playoffs,Playoff Percentage
0-1,130,60,46.15384615384615
0-2,69,20,28.985507246376812
0-3,42,11,26.190476190476193
0-4,23,5,21.73913043478261
0-5,15,2,13.333333333333334
0-6,9,0,0.0
0-7,7,0,0.0
